id_transacao,data,forma_pagamento,status,valor,estado,loja
1,2025-04-13,cartao,estornado,127.84,SP,Loja 4
2,2025-12-15,pix,aprovado,91.44,RS,Loja 3
3,2025-09-28,pix,aprovado,154.21,SP,Loja 4
4,2025-04-17,pix,aprovado,144.52,SP,Loja 4
5,2025-03-13,pix,aprovado,67.81,RJ,Loja 10
6,2025-07-08,boleto,aprovado,56.89,SP,Loja 2
7,2025-01-21,pix,aprovado,97.66,PR,Loja 1
8,2025-04-13,cartao,aprovado,310.82,RJ,Loja 10
9,2025-05-02,pix,aprovado,33.41,SP,Loja 1
10,2025-08-03,cartao,aprovado,27.83,MG,Loja 8
11,2025-11-27,cartao,aprovado,102.7,SP,Loja 2
12,2025-03-29,cartao,aprovado,93.76,PR,Loja 10
13,2025-04-10,pix,aprovado,103.41,SP,Loja 5
14,2025-12-26,pix,aprovado,109.42,RJ,Loja 4
15,2025-06-01,pix,aprovado,75.3,SP,Loja 8
16,2025-05-11,boleto,estornado,296.45,RJ,Loja 2
17,2025-05-30,cartao,aprovado,25.01,RS,Loja 10
18,2025-11-05,boleto,aprovado,46.4,RS,Loja 9
19,2025-09-15,pix,estornado,82.88,SP,Loja 7
20,2025-12-10,cartao,aprovado,24.18,SP,Loja 7
21,2025-10-21,boleto,aprovado,78.2,RS,Loja 1
22,2025-07-11,pix,aprovado,340.08,PR,Loja 2
23,2025-10-04,pix,aprovado,91.53,SP,Loja 4
24,2025-06-10,cartao,aprovado,108.26,RJ,Loja 4
25,2025-11-10,cartao,aprovado,32.85,SP,Loja 3
26,2025-01-22,cartao,aprovado,54.98,RS,Loja 7
27,2025-09-10,pix,aprovado,66.68,SP,Loja 8
28,2025-08-24,cartao,estornado,69.81,SP,Loja 2
29,2025-12-11,pix,aprovado,250.97,RS,Loja 4
30,2025-02-18,pix,aprovado,140.63,SP,Loja 3
31,2025-02-28,pix,aprovado,37.0,RJ,Loja 2
32,2025-06-19,cartao,aprovado,109.64,RJ,Loja 6
33,2025-07-07,cartao,aprovado,134.1,SP,Loja 4
34,2025-09-28,cartao,aprovado,224.11,SP,Loja 6
35,2025-07-09,pix,aprovado,318.76,RJ,Loja 2
36,2025-06-24,cartao,recusado,39.96,SP,Loja 4
37,2025-02-20,pix,aprovado,47.05,RJ,Loja 6
38,2025-12-30,cartao,aprovado,32.92,RS,Loja 5
39,2025-02-24,pix,aprovado,74.65,RS,Loja 3
40,2025-09-01,pix,aprovado,130.72,SP,Loja 8
41,2025-11-16,pix,aprovado,198.32,SP,Loja 7
42,2025-05-11,pix,aprovado,84.71,SP,Loja 3
43,2025-11-03,cartao,aprovado,69.69,SP,Loja 6
44,2025-05-15,cartao,aprovado,101.64,RJ,Loja 4
45,2025-01-21,pix,aprovado,46.15,MG,Loja 5
46,2025-11-25,cartao,aprovado,478.97,SP,Loja 5
47,2025-06-16,pix,aprovado,24.88,SP,Loja 7
48,2025-10-01,cartao,aprovado,104.35,SP,Loja 5
49,2025-03-30,boleto,aprovado,454.36,MG,Loja 3
50,2025-11-12,cartao,aprovado,90.51,SP,Loja 10
51,2025-01-14,pix,aprovado,77.32,MG,Loja 5
52,2025-08-30,boleto,aprovado,67.63,SP,Loja 7
53,2025-09-22,cartao,aprovado,77.92,PR,Loja 5
54,2025-12-12,pix,aprovado,269.96,PR,Loja 5
55,2025-02-22,pix,estornado,15.34,SP,Loja 9
56,2025-12-06,cartao,aprovado,306.97,SP,Loja 3
57,2025-04-02,cartao,estornado,28.81,RJ,Loja 6
58,2025-09-21,cartao,aprovado,72.72,SP,Loja 1
59,2025-02-04,cartao,aprovado,63.85,MG,Loja 10
60,2025-07-25,cartao,aprovado,144.15,RS,Loja 5
61,2025-03-22,pix,aprovado,25.07,MG,Loja 8
62,2025-02-19,pix,aprovado,130.29,RS,Loja 5
63,2025-12-26,pix,aprovado,454.61,SP,Loja 9
64,2025-01-02,cartao,aprovado,30.25,SP,Loja 6
65,2025-02-23,pix,aprovado,104.77,MG,Loja 8
66,2025-04-16,cartao,aprovado,53.01,SP,Loja 10
67,2025-09-17,cartao,aprovado,126.56,MG,Loja 8
68,2025-11-06,cartao,aprovado,91.41,SP,Loja 3
69,2025-07-10,pix,aprovado,53.88,SP,Loja 7
70,2025-08-06,cartao,aprovado,132.99,PR,Loja 7
71,2025-02-13,pix,aprovado,381.26,SP,Loja 10
72,2025-06-11,cartao,aprovado,77.27,PR,Loja 6
73,2025-07-21,pix,recusado,160.1,PR,Loja 7
74,2025-09-27,pix,estornado,31.99,RS,Loja 2
75,2025-12-17,cartao,aprovado,41.88,MG,Loja 9
76,2025-10-31,pix,aprovado,131.36,RJ,Loja 10
77,2025-09-28,pix,aprovado,295.09,RS,Loja 10
78,2025-08-03,cartao,aprovado,119.64,SP,Loja 1
79,2025-09-09,cartao,aprovado,70.07,RJ,Loja 1
80,2025-07-09,cartao,aprovado,89.97,MG,Loja 3
81,2025-10-23,cartao,aprovado,33.1,RJ,Loja 3
82,2025-08-01,cartao,recusado,146.0,RJ,Loja 1
83,2025-07-27,pix,aprovado,182.34,SP,Loja 7
84,2025-08-25,pix,aprovado,62.7,RJ,Loja 4
85,2025-12-04,pix,aprovado,61.8,RS,Loja 10
86,2025-02-22,boleto,recusado,111.35,SP,Loja 2
87,2025-10-07,cartao,aprovado,63.47,PR,Loja 10
88,2025-08-05,pix,aprovado,85.38,MG,Loja 5
89,2025-09-09,pix,aprovado,482.88,RS,Loja 6
90,2025-07-07,boleto,aprovado,73.88,RJ,Loja 9
91,2025-02-10,pix,aprovado,67.58,RS,Loja 4
92,2025-06-06,cartao,aprovado,53.62,SP,Loja 2
93,2025-01-15,cartao,aprovado,163.26,RS,Loja 5
94,2025-10-28,cartao,aprovado,77.87,SP,Loja 3
95,2025-03-06,pix,aprovado,53.54,PR,Loja 2
96,2025-12-11,cartao,aprovado,259.06,PR,Loja 1
97,2025-11-23,boleto,aprovado,280.25,SP,Loja 10
98,2025-01-09,cartao,aprovado,55.68,SP,Loja 2
99,2025-12-10,cartao,aprovado,20.22,RS,Loja 6
100,2025-05-09,boleto,aprovado,201.54,SP,Loja 8
101,2025-05-16,cartao,estornado,52.05,RS,Loja 3
102,2025-03-04,pix,aprovado,169.44,SP,Loja 9
103,2025-05-19,cartao,aprovado,18.61,SP,Loja 9
104,2025-03-22,cartao,aprovado,183.84,PR,Loja 2
105,2025-06-12,pix,aprovado,34.16,MG,Loja 8
106,2025-10-16,cartao,aprovado,161.52,RS,Loja 10
107,2025-09-18,boleto,aprovado,91.05,SP,Loja 5
108,2025-08-19,boleto,aprovado,41.97,MG,Loja 4
109,2025-02-10,pix,aprovado,65.0,RJ,Loja 10
110,2025-01-28,pix,aprovado,155.88,MG,Loja 5
111,2025-05-15,boleto,aprovado,97.98,MG,Loja 4
112,2025-07-20,cartao,aprovado,143.67,RJ,Loja 8
113,2025-11-24,pix,aprovado,437.53,RJ,Loja 4
114,2025-09-25,boleto,aprovado,25.75,SP,Loja 10
115,2025-02-02,cartao,aprovado,328.25,RS,Loja 6
116,2025-02-17,cartao,estornado,97.85,SP,Loja 2
117,2025-03-03,cartao,aprovado,43.86,MG,Loja 5
118,2025-08-04,pix,aprovado,31.05,SP,Loja 6
119,2025-10-20,pix,aprovado,77.38,MG,Loja 5
120,2025-04-09,pix,aprovado,188.17,MG,Loja 2
121,2025-06-21,cartao,aprovado,81.28,SP,Loja 7
122,2025-12-26,pix,aprovado,301.55,SP,Loja 4
123,2025-08-02,pix,aprovado,28.19,SP,Loja 8
124,2025-02-04,pix,aprovado,89.15,MG,Loja 7
125,2025-08-15,cartao,aprovado,33.05,RS,Loja 7
126,2025-04-11,boleto,aprovado,120.41,SP,Loja 9
127,2025-05-11,pix,aprovado,183.0,MG,Loja 1
128,2025-09-14,pix,estornado,64.29,SP,Loja 10
129,2025-01-05,cartao,aprovado,11.21,RJ,Loja 6
130,2025-08-06,pix,aprovado,105.55,PR,Loja 6
131,2025-09-12,pix,estornado,127.66,SP,Loja 6
132,2025-12-25,pix,aprovado,124.39,RJ,Loja 6
133,2025-10-10,pix,aprovado,241.92,SP,Loja 10
134,2025-07-26,pix,aprovado,38.21,SP,Loja 7
135,2025-01-15,pix,aprovado,155.12,SP,Loja 10
136,2025-12-12,pix,aprovado,233.69,SP,Loja 6
137,2025-02-11,boleto,aprovado,21.7,MG,Loja 1
138,2025-06-28,pix,aprovado,116.25,RJ,Loja 3
139,2025-03-04,cartao,recusado,60.14,RJ,Loja 2
140,2025-12-18,cartao,aprovado,84.33,SP,Loja 6
141,2025-08-19,pix,aprovado,118.88,SP,Loja 8
142,2025-08-29,cartao,aprovado,60.96,MG,Loja 3
143,2025-02-21,pix,aprovado,52.43,PR,Loja 10
144,2025-04-06,boleto,aprovado,92.51,SP,Loja 8
145,2025-08-10,pix,recusado,37.72,PR,Loja 8
146,2025-08-19,pix,aprovado,37.76,RJ,Loja 5
147,2025-08-25,pix,aprovado,155.01,RJ,Loja 8
148,2025-05-23,boleto,aprovado,35.91,RJ,Loja 6
149,2025-06-20,cartao,recusado,153.4,SP,Loja 5
150,2025-01-29,cartao,aprovado,130.33,SP,Loja 9
151,2025-02-05,pix,aprovado,22.63,MG,Loja 7
152,2025-01-13,cartao,aprovado,52.35,SP,Loja 8
153,2025-06-09,pix,recusado,233.99,PR,Loja 1
154,2025-11-23,cartao,aprovado,41.06,RJ,Loja 2
155,2025-07-06,pix,recusado,62.08,SP,Loja 8
156,2025-08-31,pix,aprovado,130.28,MG,Loja 9
157,2025-03-27,pix,aprovado,168.46,SP,Loja 4
158,2025-10-11,pix,aprovado,73.61,RJ,Loja 10
159,2025-03-07,cartao,aprovado,55.81,MG,Loja 10
160,2025-06-19,pix,aprovado,280.87,PR,Loja 9
161,2025-02-14,cartao,aprovado,361.81,RS,Loja 4
162,2025-03-03,pix,aprovado,196.98,MG,Loja 10
163,2025-05-14,cartao,aprovado,96.38,MG,Loja 10
164,2025-10-11,pix,aprovado,47.15,PR,Loja 10
165,2025-01-28,pix,estornado,46.32,SP,Loja 9
166,2025-04-18,cartao,recusado,136.73,SP,Loja 7
167,2025-02-13,pix,aprovado,125.8,SP,Loja 2
168,2025-12-06,pix,aprovado,276.24,SP,Loja 9
169,2025-10-13,cartao,aprovado,151.47,MG,Loja 4
170,2025-11-27,boleto,aprovado,27.05,MG,Loja 8
171,2025-05-08,pix,aprovado,208.84,RJ,Loja 7
172,2025-12-14,pix,aprovado,40.51,SP,Loja 7
173,2025-08-19,cartao,aprovado,66.21,MG,Loja 8
174,2025-07-09,pix,aprovado,109.96,SP,Loja 1
175,2025-08-13,pix,aprovado,444.32,MG,Loja 5
176,2025-10-10,pix,aprovado,1083.48,RJ,Loja 2
177,2025-05-01,cartao,aprovado,146.26,SP,Loja 2
178,2025-04-26,cartao,aprovado,77.75,SP,Loja 1
179,2025-08-21,pix,aprovado,138.05,SP,Loja 5
180,2025-09-16,pix,aprovado,183.12,RS,Loja 2
181,2025-12-25,pix,aprovado,69.65,PR,Loja 4
182,2025-07-17,cartao,recusado,378.48,MG,Loja 3
183,2025-05-17,pix,aprovado,108.21,SP,Loja 3
184,2025-11-14,pix,aprovado,134.05,RJ,Loja 2
185,2025-06-14,cartao,aprovado,153.35,MG,Loja 6
186,2025-08-13,pix,aprovado,126.12,RS,Loja 2
187,2025-11-03,cartao,aprovado,176.12,SP,Loja 8
188,2025-08-22,pix,aprovado,54.94,SP,Loja 8
189,2025-06-21,pix,aprovado,57.59,MG,Loja 5
190,2025-06-01,pix,estornado,37.33,SP,Loja 10
191,2025-11-11,cartao,aprovado,127.95,SP,Loja 7
192,2025-06-09,cartao,aprovado,167.86,SP,Loja 4
193,2025-04-06,cartao,aprovado,129.83,RJ,Loja 1
194,2025-08-21,pix,aprovado,343.64,RS,Loja 2
195,2025-06-29,cartao,aprovado,89.62,PR,Loja 10
196,2025-04-23,pix,aprovado,153.7,RJ,Loja 10
197,2025-11-14,pix,aprovado,37.59,RJ,Loja 4
198,2025-02-21,cartao,aprovado,66.04,SP,Loja 1
199,2025-09-25,pix,aprovado,157.03,RJ,Loja 8
200,2025-10-22,pix,aprovado,177.56,SP,Loja 9
201,2025-04-23,pix,aprovado,71.15,MG,Loja 4
202,2025-04-11,pix,aprovado,85.01,SP,Loja 10
203,2025-04-23,pix,aprovado,26.73,SP,Loja 3
204,2025-03-22,cartao,aprovado,67.65,SP,Loja 2
205,2025-07-06,pix,aprovado,183.52,SP,Loja 5
206,2025-04-23,cartao,aprovado,142.62,SP,Loja 3
207,2025-01-02,cartao,estornado,134.36,SP,Loja 10
208,2025-05-10,pix,aprovado,93.67,PR,Loja 7
209,2025-08-08,pix,aprovado,90.53,RJ,Loja 6
210,2025-02-23,pix,aprovado,53.08,RJ,Loja 1
211,2025-12-09,cartao,aprovado,157.44,RS,Loja 8
212,2025-08-12,pix,recusado,126.06,PR,Loja 2
213,2025-08-13,cartao,estornado,133.44,RJ,Loja 5
214,2025-05-06,pix,aprovado,59.1,RS,Loja 9
215,2025-05-10,cartao,aprovado,16.08,SP,Loja 8
216,2025-02-22,pix,aprovado,216.53,SP,Loja 2
217,2025-06-21,pix,recusado,61.37,RJ,Loja 9
218,2025-08-06,boleto,aprovado,45.14,MG,Loja 5
219,2025-06-09,cartao,aprovado,156.77,MG,Loja 10
220,2025-07-17,pix,aprovado,65.78,SP,Loja 6
221,2025-09-04,cartao,aprovado,210.18,SP,Loja 3
222,2025-11-20,pix,aprovado,147.47,MG,Loja 3
223,2025-07-22,cartao,aprovado,155.53,SP,Loja 10
224,2025-07-03,cartao,aprovado,30.18,RJ,Loja 8
225,2025-05-03,pix,aprovado,237.35,MG,Loja 10
226,2025-09-12,pix,aprovado,110.94,MG,Loja 10
227,2025-10-21,pix,aprovado,66.99,RS,Loja 2
228,2025-10-07,cartao,aprovado,100.96,RS,Loja 2
229,2025-11-21,cartao,aprovado,21.74,RJ,Loja 5
230,2025-04-08,pix,aprovado,124.83,MG,Loja 6
231,2025-07-17,pix,aprovado,39.51,MG,Loja 2
232,2025-08-28,cartao,aprovado,30.5,SP,Loja 5
233,2025-05-24,boleto,aprovado,26.63,SP,Loja 7
234,2025-04-07,cartao,aprovado,219.24,SP,Loja 10
235,2025-07-20,pix,aprovado,54.41,RJ,Loja 10
236,2025-05-04,pix,aprovado,307.04,MG,Loja 8
237,2025-07-06,pix,aprovado,58.64,RS,Loja 7
238,2025-11-22,boleto,aprovado,22.97,SP,Loja 8
239,2025-12-15,pix,aprovado,36.85,SP,Loja 9
240,2025-09-16,cartao,aprovado,241.93,PR,Loja 5
241,2025-05-28,pix,aprovado,79.46,SP,Loja 5
242,2025-09-09,cartao,aprovado,58.05,RJ,Loja 10
243,2025-12-12,cartao,aprovado,102.31,RJ,Loja 4
244,2025-05-27,cartao,aprovado,134.48,RJ,Loja 9
245,2025-05-28,pix,aprovado,220.06,SP,Loja 5
246,2025-12-18,pix,aprovado,286.8,SP,Loja 2
247,2025-07-18,pix,aprovado,67.5,SP,Loja 10
248,2025-11-04,boleto,aprovado,31.16,RJ,Loja 8
249,2025-05-08,cartao,aprovado,64.67,RJ,Loja 7
250,2025-02-08,cartao,aprovado,110.86,SP,Loja 8
251,2025-12-04,cartao,aprovado,41.64,MG,Loja 3
252,2025-12-26,cartao,aprovado,41.86,RS,Loja 4
253,2025-05-09,pix,aprovado,118.51,SP,Loja 5
254,2025-09-24,boleto,aprovado,86.58,RJ,Loja 6
255,2025-05-31,pix,estornado,92.41,MG,Loja 1
256,2025-10-25,pix,recusado,49.07,SP,Loja 4
257,2025-04-09,cartao,aprovado,74.86,SP,Loja 10
258,2025-09-20,pix,aprovado,42.97,MG,Loja 5
259,2025-09-09,pix,aprovado,183.49,PR,Loja 7
260,2025-05-24,cartao,aprovado,206.07,RS,Loja 5
261,2025-12-12,pix,aprovado,20.55,RJ,Loja 1
262,2025-04-22,cartao,aprovado,42.79,MG,Loja 7
263,2025-03-01,pix,aprovado,27.19,SP,Loja 8
264,2025-01-02,pix,aprovado,53.52,MG,Loja 7
265,2025-10-31,pix,aprovado,84.2,RJ,Loja 4
266,2025-09-11,pix,aprovado,28.23,SP,Loja 8
267,2025-05-20,cartao,aprovado,43.06,MG,Loja 5
268,2025-02-06,pix,aprovado,40.32,RJ,Loja 10
269,2025-06-09,cartao,aprovado,106.25,SP,Loja 9
270,2025-01-09,pix,aprovado,95.15,PR,Loja 10
271,2025-08-21,cartao,aprovado,50.53,SP,Loja 5
272,2025-04-09,boleto,aprovado,103.7,SP,Loja 1
273,2025-05-27,cartao,aprovado,58.13,SP,Loja 9
274,2025-10-31,pix,aprovado,72.43,RS,Loja 5
275,2025-07-27,pix,aprovado,343.35,MG,Loja 6
276,2025-05-11,pix,recusado,263.06,SP,Loja 4
277,2025-06-01,cartao,aprovado,31.83,MG,Loja 6
278,2025-02-23,pix,aprovado,174.83,SP,Loja 8
279,2025-04-30,pix,recusado,172.28,RS,Loja 3
280,2025-06-10,cartao,aprovado,35.92,RJ,Loja 5
281,2025-04-26,pix,aprovado,173.3,RJ,Loja 2
282,2025-03-16,cartao,aprovado,308.08,PR,Loja 2
283,2025-04-23,pix,aprovado,36.67,SP,Loja 7
284,2025-04-14,pix,aprovado,43.21,SP,Loja 10
285,2025-12-06,cartao,aprovado,203.19,RJ,Loja 10
286,2025-09-11,pix,aprovado,111.85,PR,Loja 10
287,2025-08-15,cartao,aprovado,139.94,SP,Loja 6
288,2025-04-22,pix,aprovado,118.21,SP,Loja 4
289,2025-04-09,pix,aprovado,123.05,SP,Loja 5
290,2025-06-02,cartao,aprovado,31.15,RJ,Loja 1
291,2025-12-15,cartao,aprovado,208.07,SP,Loja 7
292,2025-12-04,cartao,aprovado,229.45,MG,Loja 8
293,2025-07-13,pix,aprovado,74.92,PR,Loja 9
294,2025-11-06,cartao,aprovado,86.94,RJ,Loja 8
295,2025-06-12,pix,aprovado,26.45,SP,Loja 5
296,2025-07-27,pix,aprovado,135.83,RJ,Loja 3
297,2025-06-18,boleto,estornado,142.26,SP,Loja 10
298,2025-06-10,pix,aprovado,85.65,PR,Loja 9
299,2025-03-09,boleto,aprovado,221.29,RJ,Loja 6
300,2025-10-16,pix,aprovado,68.91,SP,Loja 5
301,2025-10-04,pix,aprovado,141.41,MG,Loja 3
302,2025-10-31,cartao,aprovado,39.82,RJ,Loja 6
303,2025-05-15,cartao,recusado,88.34,MG,Loja 3
304,2025-07-14,cartao,aprovado,78.3,SP,Loja 10
305,2025-05-08,cartao,aprovado,107.8,RS,Loja 6
306,2025-02-02,cartao,aprovado,66.98,PR,Loja 4
307,2025-06-25,cartao,aprovado,81.03,MG,Loja 2
308,2025-01-22,cartao,aprovado,174.31,PR,Loja 8
309,2025-08-26,pix,aprovado,63.47,SP,Loja 4
310,2025-06-07,pix,aprovado,24.9,RJ,Loja 9
311,2025-02-07,pix,aprovado,364.92,MG,Loja 7
312,2025-08-18,boleto,aprovado,271.83,RJ,Loja 2
313,2025-12-31,boleto,recusado,32.01,RJ,Loja 4
314,2025-02-20,pix,aprovado,156.3,SP,Loja 5
315,2025-09-21,cartao,aprovado,60.2,SP,Loja 3
316,2025-10-10,boleto,aprovado,111.14,SP,Loja 9
317,2025-01-27,pix,aprovado,113.91,SP,Loja 5
318,2025-08-14,cartao,recusado,74.62,MG,Loja 2
319,2025-10-04,boleto,aprovado,48.09,SP,Loja 3
320,2025-10-13,pix,aprovado,51.81,SP,Loja 9
321,2025-04-07,cartao,estornado,43.25,RJ,Loja 7
322,2025-10-11,pix,aprovado,46.27,RJ,Loja 2
323,2025-11-13,boleto,recusado,85.31,RS,Loja 9
324,2025-10-31,boleto,aprovado,50.77,RJ,Loja 4
325,2025-05-27,boleto,aprovado,155.34,SP,Loja 9
326,2025-01-04,pix,aprovado,295.83,RS,Loja 2
327,2025-02-04,cartao,aprovado,56.6,RJ,Loja 10
328,2025-07-11,cartao,estornado,109.02,SP,Loja 4
329,2025-02-18,pix,aprovado,134.26,RJ,Loja 5
330,2025-01-17,cartao,aprovado,131.32,PR,Loja 2
331,2025-06-21,pix,aprovado,95.66,SP,Loja 10
332,2025-08-08,cartao,aprovado,163.06,SP,Loja 1
333,2025-06-07,pix,aprovado,132.4,SP,Loja 7
334,2025-02-15,pix,estornado,33.44,SP,Loja 10
335,2025-01-06,pix,aprovado,180.43,RJ,Loja 1
336,2025-04-09,cartao,aprovado,183.06,RJ,Loja 8
337,2025-08-21,pix,aprovado,48.88,SP,Loja 3
338,2025-02-06,cartao,aprovado,92.79,PR,Loja 10
339,2025-10-07,pix,aprovado,155.5,RS,Loja 6
340,2025-12-15,pix,aprovado,76.14,RJ,Loja 7
341,2025-10-29,cartao,recusado,212.38,RS,Loja 10
342,2025-06-30,cartao,aprovado,596.51,SP,Loja 1
343,2025-04-05,pix,aprovado,48.0,RJ,Loja 6
344,2025-04-09,cartao,aprovado,29.82,MG,Loja 7
345,2025-07-07,cartao,recusado,114.78,RS,Loja 6
346,2025-04-26,cartao,aprovado,160.33,RS,Loja 4
347,2025-07-10,pix,aprovado,74.84,SP,Loja 1
348,2025-09-10,pix,aprovado,287.9,PR,Loja 9
349,2025-06-10,cartao,aprovado,30.85,SP,Loja 4
350,2025-09-13,pix,aprovado,156.7,RS,Loja 7
351,2025-11-19,cartao,aprovado,55.44,PR,Loja 7
352,2025-05-08,cartao,aprovado,356.2,SP,Loja 2
353,2025-01-18,boleto,aprovado,443.2,MG,Loja 1
354,2025-10-08,cartao,recusado,48.75,SP,Loja 8
355,2025-08-11,boleto,aprovado,57.99,RJ,Loja 8
356,2025-02-23,pix,aprovado,179.05,RJ,Loja 7
357,2025-02-27,cartao,aprovado,66.04,RJ,Loja 8
358,2025-11-19,pix,aprovado,86.81,PR,Loja 3
359,2025-12-26,pix,aprovado,91.86,MG,Loja 2
360,2025-06-23,cartao,aprovado,19.38,RJ,Loja 7
361,2025-10-07,cartao,aprovado,89.03,RS,Loja 8
362,2025-04-24,boleto,aprovado,51.84,PR,Loja 1
363,2025-10-15,cartao,aprovado,60.67,SP,Loja 10
364,2025-12-08,pix,aprovado,285.69,PR,Loja 9
365,2025-05-31,pix,aprovado,32.94,SP,Loja 4
366,2025-05-07,cartao,aprovado,172.53,RS,Loja 4
367,2025-06-04,pix,aprovado,72.01,SP,Loja 3
368,2025-09-30,pix,aprovado,71.97,SP,Loja 6
369,2025-04-14,pix,aprovado,169.41,RJ,Loja 1
370,2025-10-26,pix,aprovado,118.16,MG,Loja 6
371,2025-09-03,pix,aprovado,142.09,SP,Loja 2
372,2025-06-25,pix,aprovado,195.3,SP,Loja 9
373,2025-02-08,pix,aprovado,69.06,RJ,Loja 2
374,2025-06-19,pix,recusado,55.16,PR,Loja 7
375,2025-09-04,boleto,recusado,37.78,SP,Loja 1
376,2025-01-26,pix,recusado,46.51,SP,Loja 7
377,2025-12-21,pix,aprovado,952.68,RJ,Loja 5
378,2025-11-02,cartao,aprovado,243.65,SP,Loja 8
379,2025-01-13,pix,estornado,30.54,RS,Loja 4
380,2025-11-12,boleto,aprovado,31.25,RS,Loja 10
381,2025-11-09,cartao,aprovado,132.36,RJ,Loja 7
382,2025-02-05,pix,aprovado,139.46,SP,Loja 6
383,2025-06-22,pix,aprovado,139.65,RS,Loja 5
384,2025-01-20,cartao,recusado,73.41,RJ,Loja 4
385,2025-11-17,boleto,aprovado,81.42,RS,Loja 7
386,2025-09-21,pix,aprovado,117.02,MG,Loja 5
387,2025-05-22,cartao,aprovado,96.42,RS,Loja 5
388,2025-05-23,pix,aprovado,15.25,RJ,Loja 1
389,2025-04-02,boleto,aprovado,74.9,RJ,Loja 2
390,2025-12-20,pix,aprovado,45.55,PR,Loja 5
391,2025-11-18,boleto,aprovado,103.56,RJ,Loja 3
392,2025-10-15,cartao,estornado,980.64,MG,Loja 2
393,2025-08-03,cartao,aprovado,120.78,SP,Loja 4
394,2025-12-08,cartao,aprovado,70.05,MG,Loja 4
395,2025-02-20,pix,aprovado,188.19,RJ,Loja 4
396,2025-06-02,pix,aprovado,132.44,SP,Loja 4
397,2025-07-05,pix,aprovado,125.97,SP,Loja 3
398,2025-03-04,pix,aprovado,146.27,MG,Loja 7
399,2025-07-09,cartao,aprovado,466.49,RS,Loja 9
400,2025-05-05,pix,aprovado,36.43,RJ,Loja 5
401,2025-05-30,pix,recusado,131.49,SP,Loja 4
402,2025-11-10,boleto,aprovado,42.9,MG,Loja 2
403,2025-02-27,cartao,aprovado,140.39,SP,Loja 2
404,2025-12-08,boleto,aprovado,43.17,RJ,Loja 5
405,2025-11-01,boleto,aprovado,64.46,SP,Loja 7
406,2025-06-29,pix,aprovado,71.09,SP,Loja 10
407,2025-06-19,pix,recusado,196.5,SP,Loja 10
408,2025-11-22,cartao,recusado,187.68,SP,Loja 9
409,2025-09-28,cartao,aprovado,33.23,SP,Loja 7
410,2025-02-23,pix,estornado,94.06,SP,Loja 5
411,2025-04-11,cartao,aprovado,51.03,RJ,Loja 10
412,2025-09-21,pix,aprovado,32.89,RJ,Loja 10
413,2025-02-22,pix,aprovado,75.67,SP,Loja 10
414,2025-03-01,cartao,recusado,70.33,RS,Loja 6
415,2025-04-18,cartao,aprovado,627.27,SP,Loja 3
416,2025-01-05,cartao,aprovado,127.28,RJ,Loja 5
417,2025-04-13,pix,aprovado,29.9,SP,Loja 8
418,2025-07-15,cartao,aprovado,57.29,SP,Loja 1
419,2025-09-19,pix,aprovado,203.79,RJ,Loja 1
420,2025-12-31,pix,recusado,478.55,RJ,Loja 7
421,2025-12-16,cartao,aprovado,25.31,RS,Loja 5
422,2025-02-16,boleto,aprovado,20.01,RJ,Loja 5
423,2025-12-21,cartao,estornado,402.13,PR,Loja 1
424,2025-11-07,cartao,aprovado,122.94,SP,Loja 9
425,2025-11-04,cartao,estornado,44.94,SP,Loja 1
426,2025-05-24,cartao,aprovado,138.06,SP,Loja 5
427,2025-09-26,pix,aprovado,10.93,SP,Loja 10
428,2025-05-04,pix,aprovado,90.26,RJ,Loja 9
429,2025-04-16,pix,recusado,117.01,MG,Loja 4
430,2025-06-07,pix,aprovado,188.56,SP,Loja 8
431,2025-05-27,cartao,aprovado,40.0,PR,Loja 6
432,2025-05-25,pix,aprovado,96.4,RS,Loja 3
433,2025-04-30,pix,aprovado,42.93,SP,Loja 4
434,2025-11-15,pix,aprovado,110.42,SP,Loja 2
435,2025-10-02,cartao,aprovado,43.98,SP,Loja 1
436,2025-04-02,pix,recusado,64.94,SP,Loja 8
437,2025-02-27,cartao,aprovado,40.58,SP,Loja 1
438,2025-12-12,pix,aprovado,151.55,RJ,Loja 1
439,2025-08-17,pix,aprovado,178.89,SP,Loja 4
440,2025-04-27,cartao,recusado,74.61,SP,Loja 10
441,2025-11-14,cartao,aprovado,92.81,PR,Loja 10
442,2025-10-06,pix,aprovado,28.25,MG,Loja 6
443,2025-05-07,cartao,aprovado,70.83,PR,Loja 9
444,2025-05-09,cartao,aprovado,86.47,SP,Loja 1
445,2025-02-27,pix,aprovado,732.63,SP,Loja 7
446,2025-05-02,cartao,aprovado,36.98,RJ,Loja 10
447,2025-01-01,cartao,aprovado,290.42,SP,Loja 5
448,2025-08-27,cartao,aprovado,199.83,SP,Loja 8
449,2025-10-17,cartao,aprovado,112.68,MG,Loja 7
450,2025-04-06,cartao,aprovado,367.56,MG,Loja 4
451,2025-05-06,cartao,aprovado,121.23,RJ,Loja 4
452,2025-04-28,cartao,aprovado,122.89,RJ,Loja 6
453,2025-02-17,cartao,aprovado,86.27,RJ,Loja 6
454,2025-03-30,cartao,aprovado,239.57,SP,Loja 9
455,2025-08-25,cartao,aprovado,216.41,SP,Loja 5
456,2025-09-29,cartao,aprovado,54.57,SP,Loja 8
457,2025-07-08,pix,aprovado,31.33,SP,Loja 5
458,2025-07-11,cartao,aprovado,76.52,PR,Loja 2
459,2025-03-10,cartao,aprovado,47.46,RJ,Loja 6
460,2025-10-05,pix,aprovado,85.56,MG,Loja 9
461,2025-12-15,cartao,aprovado,242.25,SP,Loja 3
462,2025-09-04,pix,aprovado,62.44,SP,Loja 1
463,2025-03-17,pix,aprovado,86.99,SP,Loja 1
464,2025-06-03,cartao,aprovado,94.29,SP,Loja 3
465,2025-05-24,pix,aprovado,177.46,SP,Loja 10
466,2025-03-27,cartao,estornado,14.92,RS,Loja 5
467,2025-07-04,cartao,aprovado,55.4,MG,Loja 3
468,2025-10-12,cartao,aprovado,106.59,RJ,Loja 9
469,2025-08-08,pix,aprovado,235.11,RJ,Loja 8
470,2025-03-10,pix,aprovado,60.73,PR,Loja 3
471,2025-02-16,cartao,aprovado,20.06,SP,Loja 9
472,2025-04-04,boleto,aprovado,147.79,SP,Loja 6
473,2025-08-26,cartao,aprovado,54.15,SP,Loja 7
474,2025-07-23,pix,recusado,34.75,RS,Loja 4
475,2025-08-06,cartao,aprovado,54.63,PR,Loja 4
476,2025-12-07,cartao,aprovado,77.66,SP,Loja 2
477,2025-02-08,cartao,aprovado,55.49,RS,Loja 5
478,2025-04-10,pix,aprovado,15.42,RS,Loja 8
479,2025-10-16,cartao,aprovado,184.5,SP,Loja 7
480,2025-09-11,cartao,aprovado,249.61,SP,Loja 7
481,2025-08-10,boleto,aprovado,151.6,RJ,Loja 6
482,2025-12-23,pix,aprovado,36.23,PR,Loja 3
483,2025-01-23,cartao,aprovado,76.62,SP,Loja 5
484,2025-09-07,boleto,aprovado,89.55,RS,Loja 1
485,2025-01-10,pix,aprovado,145.33,SP,Loja 7
486,2025-09-03,boleto,recusado,153.65,MG,Loja 9
487,2025-11-21,cartao,recusado,50.03,RJ,Loja 1
488,2025-04-10,pix,aprovado,96.12,RJ,Loja 2
489,2025-10-17,pix,aprovado,129.78,RS,Loja 3
490,2025-06-29,cartao,aprovado,288.49,RS,Loja 3
491,2025-08-11,pix,aprovado,158.16,RS,Loja 8
492,2025-09-07,cartao,recusado,169.23,SP,Loja 7
493,2025-05-27,pix,aprovado,96.26,MG,Loja 6
494,2025-04-06,cartao,aprovado,278.21,SP,Loja 10
495,2025-09-14,pix,aprovado,124.94,RJ,Loja 10
496,2025-11-21,cartao,aprovado,45.2,RJ,Loja 4
497,2025-01-04,boleto,aprovado,276.63,RJ,Loja 9
498,2025-01-16,boleto,recusado,157.33,RJ,Loja 1
499,2025-10-07,cartao,aprovado,63.15,PR,Loja 2
500,2025-12-02,pix,aprovado,61.34,SP,Loja 4
501,2025-09-04,cartao,estornado,114.12,MG,Loja 3
502,2025-09-15,pix,aprovado,130.39,SP,Loja 1
503,2025-06-09,pix,aprovado,105.41,SP,Loja 5
504,2025-12-06,pix,aprovado,115.47,SP,Loja 7
505,2025-06-01,pix,aprovado,350.71,PR,Loja 2
506,2025-06-27,cartao,recusado,212.14,RS,Loja 5
507,2025-06-12,cartao,aprovado,104.85,PR,Loja 6
508,2025-02-02,pix,recusado,191.15,PR,Loja 7
509,2025-06-28,pix,aprovado,39.41,SP,Loja 1
510,2025-04-11,boleto,recusado,123.76,SP,Loja 7
511,2025-09-25,pix,aprovado,382.77,MG,Loja 4
512,2025-11-19,pix,aprovado,75.61,RJ,Loja 8
513,2025-03-06,pix,aprovado,45.69,RJ,Loja 4
514,2025-06-17,cartao,estornado,53.43,SP,Loja 6
515,2025-11-26,cartao,aprovado,37.65,RJ,Loja 9
516,2025-02-12,pix,aprovado,48.05,RJ,Loja 5
517,2025-02-13,pix,aprovado,66.93,SP,Loja 4
518,2025-10-12,cartao,aprovado,29.24,RJ,Loja 8
519,2025-01-12,cartao,recusado,91.15,RJ,Loja 9
520,2025-04-05,pix,aprovado,185.27,RJ,Loja 4
521,2025-10-29,boleto,aprovado,43.55,SP,Loja 3
522,2025-09-10,pix,aprovado,303.51,MG,Loja 8
523,2025-08-30,pix,aprovado,135.45,SP,Loja 5
524,2025-02-04,boleto,aprovado,205.3,SP,Loja 2
525,2025-08-03,pix,aprovado,53.18,RS,Loja 10
526,2025-12-03,cartao,aprovado,178.33,RJ,Loja 9
527,2025-03-31,pix,aprovado,37.58,SP,Loja 3
528,2025-09-21,pix,aprovado,183.5,MG,Loja 2
529,2025-04-03,boleto,aprovado,103.28,RJ,Loja 1
530,2025-03-31,pix,aprovado,140.13,RS,Loja 8
531,2025-04-25,cartao,aprovado,35.15,MG,Loja 3
532,2025-04-15,pix,aprovado,43.99,MG,Loja 7
533,2025-07-15,pix,recusado,145.15,RJ,Loja 1
534,2025-11-10,pix,recusado,42.15,SP,Loja 1
535,2025-04-24,cartao,aprovado,130.39,SP,Loja 9
536,2025-03-16,pix,aprovado,30.15,RJ,Loja 8
537,2025-08-05,cartao,recusado,177.42,RJ,Loja 3
538,2025-10-04,pix,aprovado,33.58,RJ,Loja 6
539,2025-09-06,boleto,aprovado,140.03,SP,Loja 3
540,2025-06-13,pix,aprovado,148.49,SP,Loja 4
541,2025-12-23,cartao,aprovado,51.55,RJ,Loja 1
542,2025-07-11,cartao,aprovado,143.4,SP,Loja 5
543,2025-08-15,cartao,aprovado,110.87,MG,Loja 1
544,2025-06-26,cartao,estornado,58.49,SP,Loja 1
545,2025-04-09,cartao,recusado,40.17,RJ,Loja 10
546,2025-02-05,cartao,aprovado,18.73,PR,Loja 7
547,2025-04-06,pix,aprovado,119.07,SP,Loja 6
548,2025-06-01,pix,aprovado,25.74,RJ,Loja 2
549,2025-05-31,boleto,aprovado,97.15,SP,Loja 2
550,2025-07-09,cartao,aprovado,72.91,MG,Loja 7
551,2025-08-12,cartao,aprovado,154.98,RJ,Loja 1
552,2025-02-06,pix,recusado,70.69,RJ,Loja 2
553,2025-09-25,pix,aprovado,69.16,RJ,Loja 8
554,2025-07-02,pix,aprovado,161.66,PR,Loja 6
555,2025-01-13,cartao,recusado,117.69,SP,Loja 2
556,2025-10-06,pix,aprovado,115.92,SP,Loja 7
557,2025-08-05,pix,aprovado,131.03,RS,Loja 4
558,2025-12-21,pix,aprovado,26.35,RJ,Loja 2
559,2025-12-27,pix,aprovado,164.92,PR,Loja 6
560,2025-10-13,cartao,aprovado,146.93,RJ,Loja 9
561,2025-09-30,pix,aprovado,39.91,RS,Loja 9
562,2025-03-03,cartao,aprovado,74.05,RJ,Loja 8
563,2025-03-25,pix,recusado,87.23,MG,Loja 3
564,2025-08-05,pix,aprovado,80.83,PR,Loja 3
565,2025-12-08,pix,aprovado,117.58,RJ,Loja 2
566,2025-07-06,pix,aprovado,282.9,SP,Loja 5
567,2025-01-19,pix,aprovado,213.88,SP,Loja 4
568,2025-06-26,pix,aprovado,31.51,SP,Loja 7
569,2025-04-10,cartao,aprovado,148.07,SP,Loja 4
570,2025-08-21,pix,aprovado,260.64,SP,Loja 9
571,2025-03-17,cartao,aprovado,122.66,RJ,Loja 2
572,2025-09-22,cartao,aprovado,215.46,RJ,Loja 6
573,2025-10-11,cartao,aprovado,450.26,RJ,Loja 7
574,2025-07-25,pix,aprovado,204.17,MG,Loja 4
575,2025-08-11,pix,estornado,109.89,SP,Loja 6
576,2025-02-21,pix,aprovado,207.7,SP,Loja 7
577,2025-12-05,pix,aprovado,101.08,SP,Loja 4
578,2025-05-24,boleto,aprovado,91.76,RJ,Loja 8
579,2025-03-10,pix,aprovado,67.96,SP,Loja 9
580,2025-04-09,pix,aprovado,314.42,SP,Loja 1
581,2025-01-25,cartao,aprovado,46.77,RJ,Loja 7
582,2025-02-22,cartao,aprovado,306.71,RS,Loja 9
583,2025-05-31,cartao,aprovado,134.28,SP,Loja 10
584,2025-05-24,pix,aprovado,29.39,MG,Loja 5
585,2025-02-26,pix,aprovado,120.8,MG,Loja 2
586,2025-02-08,cartao,aprovado,16.78,RS,Loja 10
587,2025-04-19,pix,estornado,148.47,PR,Loja 6
588,2025-06-30,pix,aprovado,182.76,SP,Loja 7
589,2025-02-11,pix,aprovado,56.04,SP,Loja 2
590,2025-07-05,pix,aprovado,99.37,PR,Loja 2
591,2025-08-11,pix,aprovado,429.8,RJ,Loja 10
592,2025-05-02,pix,aprovado,60.06,RJ,Loja 10
593,2025-05-13,cartao,aprovado,38.59,MG,Loja 1
594,2025-06-12,cartao,aprovado,294.52,MG,Loja 4
595,2025-08-03,cartao,aprovado,432.71,PR,Loja 7
596,2025-08-09,pix,aprovado,90.28,PR,Loja 9
597,2025-08-23,pix,aprovado,202.18,MG,Loja 3
598,2025-11-27,pix,aprovado,263.27,SP,Loja 7
599,2025-05-26,cartao,aprovado,49.7,RS,Loja 7
600,2025-08-27,cartao,aprovado,61.05,SP,Loja 7
601,2025-03-17,pix,aprovado,240.98,SP,Loja 2
602,2025-01-09,boleto,aprovado,346.54,PR,Loja 6
603,2025-03-15,pix,aprovado,141.22,SP,Loja 2
604,2025-09-10,cartao,aprovado,44.53,SP,Loja 6
605,2025-08-18,cartao,recusado,441.27,SP,Loja 10
606,2025-01-07,cartao,aprovado,58.86,RS,Loja 3
607,2025-06-23,cartao,aprovado,68.85,RJ,Loja 2
608,2025-05-21,cartao,aprovado,118.38,MG,Loja 6
609,2025-06-17,pix,aprovado,312.1,SP,Loja 2
610,2025-06-19,cartao,aprovado,178.25,RS,Loja 5
611,2025-10-10,pix,aprovado,125.45,RS,Loja 2
612,2025-05-02,cartao,recusado,130.4,SP,Loja 3
613,2025-07-13,cartao,aprovado,93.21,RJ,Loja 3
614,2025-01-05,cartao,aprovado,140.68,SP,Loja 6
615,2025-01-29,pix,estornado,11.9,PR,Loja 6
616,2025-06-14,cartao,aprovado,71.0,MG,Loja 10
617,2025-12-05,cartao,aprovado,109.19,PR,Loja 3
618,2025-05-16,cartao,aprovado,35.84,SP,Loja 3
619,2025-12-31,pix,aprovado,122.62,RS,Loja 1
620,2025-11-17,pix,aprovado,76.43,RS,Loja 7
621,2025-12-08,pix,recusado,366.64,MG,Loja 8
622,2025-05-25,pix,aprovado,316.85,PR,Loja 2
623,2025-11-23,cartao,aprovado,62.01,SP,Loja 4
624,2025-08-05,pix,aprovado,79.78,SP,Loja 10
625,2025-10-28,boleto,aprovado,84.85,MG,Loja 7
626,2025-05-12,pix,estornado,62.72,MG,Loja 8
627,2025-10-19,pix,aprovado,105.22,RJ,Loja 1
628,2025-03-11,cartao,aprovado,49.08,SP,Loja 4
629,2025-09-09,cartao,aprovado,36.43,RJ,Loja 6
630,2025-10-02,pix,aprovado,148.14,SP,Loja 3
631,2025-12-30,cartao,aprovado,148.95,RJ,Loja 5
632,2025-07-01,cartao,aprovado,47.3,MG,Loja 10
633,2025-06-16,pix,aprovado,184.25,MG,Loja 9
634,2025-04-01,boleto,aprovado,54.31,SP,Loja 3
635,2025-07-21,boleto,aprovado,110.23,RJ,Loja 5
636,2025-12-12,cartao,aprovado,173.52,SP,Loja 8
637,2025-01-19,pix,aprovado,87.63,SP,Loja 6
638,2025-02-08,cartao,aprovado,129.51,RS,Loja 4
639,2025-05-06,pix,aprovado,59.55,PR,Loja 8
640,2025-06-22,pix,aprovado,76.92,SP,Loja 3
641,2025-05-21,pix,aprovado,76.35,RS,Loja 3
642,2025-08-30,pix,aprovado,49.54,PR,Loja 4
643,2025-08-08,cartao,aprovado,78.15,RS,Loja 9
644,2025-05-06,cartao,aprovado,26.08,SP,Loja 5
645,2025-02-27,cartao,recusado,60.77,PR,Loja 8
646,2025-05-28,pix,aprovado,71.67,SP,Loja 6
647,2025-11-13,pix,aprovado,73.34,SP,Loja 3
648,2025-12-27,pix,aprovado,74.2,SP,Loja 8
649,2025-01-01,boleto,aprovado,85.68,RJ,Loja 9
650,2025-12-14,pix,aprovado,132.1,SP,Loja 8
651,2025-07-09,cartao,aprovado,181.2,SP,Loja 4
652,2025-07-10,cartao,recusado,53.53,SP,Loja 6
653,2025-11-08,pix,aprovado,34.38,RS,Loja 1
654,2025-04-27,cartao,recusado,39.11,RS,Loja 4
655,2025-05-14,pix,aprovado,60.96,SP,Loja 8
656,2025-02-27,cartao,aprovado,67.93,RS,Loja 1
657,2025-02-13,boleto,recusado,48.62,RS,Loja 3
658,2025-06-22,pix,aprovado,31.92,RS,Loja 1
659,2025-06-09,pix,aprovado,62.5,SP,Loja 9
660,2025-06-22,cartao,aprovado,104.08,MG,Loja 2
661,2025-11-13,boleto,aprovado,144.9,PR,Loja 9
662,2025-10-30,pix,aprovado,57.63,MG,Loja 4
663,2025-05-29,cartao,aprovado,64.69,SP,Loja 2
664,2025-03-21,cartao,aprovado,42.89,RJ,Loja 4
665,2025-08-01,cartao,aprovado,87.78,MG,Loja 10
666,2025-07-22,pix,aprovado,45.66,RJ,Loja 6
667,2025-09-09,cartao,aprovado,142.38,SP,Loja 7
668,2025-08-17,boleto,aprovado,21.57,SP,Loja 3
669,2025-06-13,pix,aprovado,67.51,RS,Loja 3
670,2025-08-15,pix,aprovado,114.54,RS,Loja 10
671,2025-05-27,boleto,aprovado,104.28,SP,Loja 8
672,2025-01-20,pix,aprovado,776.21,PR,Loja 5
673,2025-02-16,cartao,aprovado,119.09,SP,Loja 4
674,2025-08-21,pix,aprovado,40.32,MG,Loja 7
675,2025-11-01,pix,aprovado,83.4,RS,Loja 7
676,2025-01-14,cartao,aprovado,21.74,RS,Loja 9
677,2025-05-23,pix,aprovado,84.4,PR,Loja 9
678,2025-01-01,cartao,aprovado,46.23,SP,Loja 5
679,2025-02-23,pix,aprovado,187.23,RS,Loja 8
680,2025-09-16,cartao,aprovado,58.0,SP,Loja 10
681,2025-05-24,pix,aprovado,81.99,MG,Loja 1
682,2025-01-12,pix,recusado,54.14,MG,Loja 9
683,2025-11-26,boleto,recusado,361.8,MG,Loja 8
684,2025-08-12,pix,aprovado,69.62,SP,Loja 6
685,2025-09-29,cartao,aprovado,389.96,RS,Loja 3
686,2025-12-24,pix,aprovado,172.66,SP,Loja 3
687,2025-06-05,cartao,aprovado,132.38,SP,Loja 8
688,2025-01-08,pix,aprovado,120.9,MG,Loja 5
689,2025-05-02,boleto,aprovado,123.35,RJ,Loja 10
690,2025-12-14,pix,aprovado,19.26,RS,Loja 7
691,2025-06-13,pix,aprovado,72.02,SP,Loja 5
692,2025-03-31,pix,aprovado,177.0,SP,Loja 8
693,2025-05-16,pix,aprovado,86.56,RS,Loja 10
694,2025-07-05,cartao,aprovado,29.25,RJ,Loja 10
695,2025-11-12,pix,recusado,86.32,SP,Loja 4
696,2025-06-27,cartao,aprovado,351.88,MG,Loja 2
697,2025-01-28,pix,aprovado,244.08,RJ,Loja 3
698,2025-08-08,pix,aprovado,85.66,MG,Loja 8
699,2025-12-23,cartao,aprovado,192.7,RJ,Loja 7
700,2025-02-10,cartao,aprovado,67.14,RS,Loja 2
701,2025-08-16,pix,aprovado,23.03,RS,Loja 6
702,2025-07-11,pix,aprovado,42.97,MG,Loja 9
703,2025-05-25,pix,aprovado,314.29,SP,Loja 4
704,2025-07-20,cartao,aprovado,72.3,RS,Loja 9
705,2025-07-31,cartao,aprovado,74.09,MG,Loja 2
706,2025-08-08,pix,aprovado,70.82,MG,Loja 2
707,2025-08-28,cartao,aprovado,412.94,SP,Loja 9
708,2025-02-15,cartao,aprovado,330.55,RS,Loja 7
709,2025-02-04,cartao,estornado,531.14,MG,Loja 7
710,2025-09-10,cartao,aprovado,79.26,SP,Loja 1
711,2025-03-23,pix,aprovado,114.03,RJ,Loja 6
712,2025-09-13,pix,aprovado,26.75,PR,Loja 7
713,2025-07-16,pix,aprovado,293.4,SP,Loja 6
714,2025-10-30,pix,aprovado,35.37,PR,Loja 6
715,2025-01-10,cartao,aprovado,107.06,MG,Loja 2
716,2025-11-08,boleto,estornado,37.42,MG,Loja 6
717,2025-10-13,pix,aprovado,56.2,SP,Loja 4
718,2025-08-30,pix,aprovado,46.07,SP,Loja 9
719,2025-09-08,pix,aprovado,55.35,PR,Loja 1
720,2025-12-31,boleto,aprovado,58.48,SP,Loja 8
721,2025-01-05,pix,aprovado,58.05,RS,Loja 5
722,2025-04-29,cartao,aprovado,175.33,SP,Loja 1
723,2025-10-16,pix,aprovado,37.19,SP,Loja 4
724,2025-03-06,pix,aprovado,107.39,SP,Loja 1
725,2025-05-26,boleto,aprovado,238.5,RJ,Loja 6
726,2025-08-12,boleto,recusado,59.71,PR,Loja 2
727,2025-08-27,pix,aprovado,50.69,SP,Loja 5
728,2025-06-26,boleto,estornado,74.86,SP,Loja 7
729,2025-09-24,cartao,aprovado,231.31,SP,Loja 2
730,2025-12-07,cartao,recusado,105.14,RJ,Loja 6
731,2025-10-09,pix,aprovado,58.85,RJ,Loja 6
732,2025-03-04,cartao,aprovado,132.57,RS,Loja 5
733,2025-08-05,pix,estornado,37.27,RJ,Loja 5
734,2025-12-08,cartao,aprovado,155.26,RJ,Loja 3
735,2025-11-11,pix,estornado,124.82,SP,Loja 10
736,2025-10-10,pix,aprovado,70.37,PR,Loja 10
737,2025-06-26,pix,aprovado,46.02,SP,Loja 2
738,2025-04-08,cartao,aprovado,44.29,SP,Loja 7
739,2025-04-15,pix,aprovado,138.08,MG,Loja 1
740,2025-04-09,cartao,aprovado,240.61,RJ,Loja 6
741,2025-11-07,boleto,aprovado,54.06,RJ,Loja 6
742,2025-01-06,pix,aprovado,129.89,RJ,Loja 3
743,2025-07-16,cartao,aprovado,16.95,RS,Loja 2
744,2025-12-17,pix,aprovado,56.39,SP,Loja 2
745,2025-05-13,cartao,aprovado,87.81,RS,Loja 9
746,2025-12-24,pix,aprovado,43.48,MG,Loja 5
747,2025-09-16,cartao,aprovado,42.55,RJ,Loja 7
748,2025-01-23,cartao,aprovado,52.76,RJ,Loja 5
749,2025-02-22,boleto,aprovado,113.72,SP,Loja 7
750,2025-06-14,cartao,aprovado,77.49,RS,Loja 4
751,2025-07-21,pix,aprovado,15.02,RJ,Loja 8
752,2025-03-24,cartao,estornado,16.5,SP,Loja 10
753,2025-05-25,cartao,aprovado,55.4,RJ,Loja 10
754,2025-03-26,cartao,aprovado,129.82,PR,Loja 7
755,2025-03-19,pix,aprovado,9.99,RJ,Loja 10
756,2025-01-01,boleto,aprovado,60.35,PR,Loja 5
757,2025-02-20,cartao,aprovado,59.09,SP,Loja 6
758,2025-06-22,cartao,aprovado,273.33,SP,Loja 5
759,2025-07-24,pix,aprovado,66.15,SP,Loja 7
760,2025-09-17,cartao,aprovado,122.29,RJ,Loja 2
761,2025-10-15,pix,estornado,100.79,SP,Loja 5
762,2025-02-03,cartao,recusado,16.37,SP,Loja 10
763,2025-12-14,pix,aprovado,166.43,PR,Loja 3
764,2025-04-05,cartao,aprovado,106.95,RS,Loja 9
765,2025-03-13,boleto,aprovado,135.18,MG,Loja 6
766,2025-02-08,pix,aprovado,2081.8,SP,Loja 10
767,2025-06-03,boleto,aprovado,16.99,SP,Loja 3
768,2025-09-07,pix,aprovado,357.72,SP,Loja 7
769,2025-06-11,cartao,aprovado,71.52,MG,Loja 4
770,2025-04-28,cartao,aprovado,113.28,PR,Loja 3
771,2025-09-16,cartao,aprovado,86.8,RJ,Loja 8
772,2025-11-02,cartao,estornado,64.11,SP,Loja 4
773,2025-09-25,cartao,recusado,57.06,RJ,Loja 1
774,2025-02-23,pix,aprovado,117.17,SP,Loja 6
775,2025-08-24,pix,aprovado,26.74,SP,Loja 10
776,2025-08-10,cartao,recusado,164.1,MG,Loja 1
777,2025-09-08,cartao,aprovado,64.52,MG,Loja 5
778,2025-11-09,cartao,aprovado,36.45,SP,Loja 7
779,2025-04-22,cartao,aprovado,62.8,SP,Loja 6
780,2025-09-12,pix,aprovado,246.1,PR,Loja 2
781,2025-10-30,cartao,aprovado,58.66,SP,Loja 4
782,2025-07-26,pix,recusado,119.91,SP,Loja 2
783,2025-08-17,cartao,recusado,50.16,SP,Loja 1
784,2025-12-07,pix,aprovado,165.06,SP,Loja 3
785,2025-03-07,pix,aprovado,155.77,SP,Loja 3
786,2025-03-16,pix,estornado,395.0,RS,Loja 7
787,2025-04-13,pix,aprovado,78.22,SP,Loja 1
788,2025-07-11,cartao,recusado,153.69,RJ,Loja 9
789,2025-09-09,pix,aprovado,97.36,MG,Loja 6
790,2025-08-14,pix,aprovado,253.84,RJ,Loja 4
791,2025-10-21,pix,aprovado,50.65,RS,Loja 3
792,2025-11-02,pix,aprovado,163.37,RS,Loja 3
793,2025-04-08,pix,aprovado,77.03,SP,Loja 2
794,2025-12-04,pix,aprovado,85.51,RS,Loja 2
795,2025-10-13,cartao,aprovado,96.87,RJ,Loja 10
796,2025-12-01,cartao,aprovado,110.14,PR,Loja 5
797,2025-12-13,cartao,aprovado,82.02,RJ,Loja 9
798,2025-11-04,pix,recusado,106.89,PR,Loja 2
799,2025-09-06,pix,estornado,318.14,RS,Loja 2
800,2025-06-15,cartao,aprovado,198.02,SP,Loja 6
801,2025-12-01,cartao,aprovado,180.43,RJ,Loja 10
802,2025-01-30,pix,aprovado,62.53,PR,Loja 2
803,2025-09-04,pix,aprovado,44.19,RS,Loja 4
804,2025-04-16,pix,estornado,193.3,SP,Loja 6
805,2025-02-20,pix,aprovado,181.42,MG,Loja 5
806,2025-03-22,pix,aprovado,292.4,SP,Loja 1
807,2025-05-13,cartao,recusado,55.52,SP,Loja 6
808,2025-10-12,cartao,aprovado,74.92,RJ,Loja 1
809,2025-05-18,cartao,aprovado,24.25,SP,Loja 3
810,2025-07-03,cartao,recusado,65.76,RS,Loja 10
811,2025-11-26,cartao,aprovado,199.79,SP,Loja 5
812,2025-09-30,cartao,recusado,61.98,RS,Loja 10
813,2025-12-06,boleto,aprovado,150.26,SP,Loja 5
814,2025-03-10,pix,aprovado,77.29,SP,Loja 10
815,2025-02-03,pix,aprovado,116.66,SP,Loja 6
816,2025-09-19,pix,recusado,35.94,SP,Loja 10
817,2025-02-22,cartao,aprovado,96.37,SP,Loja 8
818,2025-07-24,cartao,aprovado,8.22,SP,Loja 5
819,2025-05-06,pix,aprovado,77.52,RJ,Loja 1
820,2025-08-23,boleto,aprovado,24.43,SP,Loja 5
821,2025-02-12,pix,aprovado,236.23,RJ,Loja 3
822,2025-08-28,boleto,aprovado,167.66,SP,Loja 4
823,2025-04-21,pix,aprovado,130.76,RS,Loja 8
824,2025-09-06,pix,aprovado,303.93,PR,Loja 7
825,2025-05-31,pix,aprovado,42.13,RJ,Loja 5
826,2025-07-02,pix,aprovado,364.27,SP,Loja 2
827,2025-12-02,pix,aprovado,189.76,SP,Loja 6
828,2025-04-05,pix,estornado,74.5,PR,Loja 6
829,2025-01-08,cartao,aprovado,223.3,SP,Loja 10
830,2025-12-26,cartao,estornado,37.15,SP,Loja 10
831,2025-07-03,pix,aprovado,46.54,SP,Loja 6
832,2025-10-08,cartao,aprovado,55.32,SP,Loja 9
833,2025-07-14,cartao,aprovado,58.96,SP,Loja 8
834,2025-12-18,pix,aprovado,38.66,RS,Loja 8
835,2025-07-14,pix,aprovado,239.48,SP,Loja 1
836,2025-06-04,pix,aprovado,73.18,MG,Loja 5
837,2025-04-03,pix,aprovado,119.34,SP,Loja 7
838,2025-06-09,cartao,aprovado,57.04,SP,Loja 6
839,2025-03-02,pix,aprovado,20.98,PR,Loja 5
840,2025-05-02,cartao,aprovado,111.73,SP,Loja 8
841,2025-02-20,cartao,aprovado,19.5,RS,Loja 3
842,2025-10-04,pix,aprovado,85.21,RJ,Loja 6
843,2025-01-05,cartao,aprovado,30.12,SP,Loja 5
844,2025-04-02,pix,aprovado,441.34,PR,Loja 8
845,2025-06-19,boleto,aprovado,186.62,SP,Loja 4
846,2025-11-13,pix,aprovado,97.96,RS,Loja 8
847,2025-01-22,cartao,aprovado,247.39,SP,Loja 10
848,2025-11-22,cartao,aprovado,45.74,RS,Loja 2
849,2025-01-01,pix,aprovado,139.04,SP,Loja 9
850,2025-05-13,cartao,aprovado,105.62,RJ,Loja 9
851,2025-08-21,boleto,aprovado,111.19,RS,Loja 10
852,2025-01-12,cartao,aprovado,249.11,PR,Loja 10
853,2025-12-12,cartao,aprovado,161.74,PR,Loja 6
854,2025-02-15,cartao,recusado,113.41,RS,Loja 4
855,2025-02-03,pix,aprovado,23.95,PR,Loja 4
856,2025-03-19,pix,estornado,41.76,SP,Loja 6
857,2025-08-06,cartao,aprovado,81.6,SP,Loja 5
858,2025-10-28,pix,aprovado,97.0,SP,Loja 6
859,2025-03-14,cartao,aprovado,36.45,SP,Loja 7
860,2025-10-09,boleto,aprovado,619.77,SP,Loja 7
861,2025-09-06,pix,aprovado,302.81,RJ,Loja 9
862,2025-02-16,pix,aprovado,145.72,SP,Loja 8
863,2025-05-01,cartao,aprovado,95.36,MG,Loja 6
864,2025-08-02,pix,aprovado,75.96,SP,Loja 6
865,2025-08-27,cartao,aprovado,42.03,SP,Loja 5
866,2025-02-25,pix,aprovado,95.77,RJ,Loja 1
867,2025-12-16,cartao,aprovado,110.63,RS,Loja 9
868,2025-04-17,pix,aprovado,33.33,MG,Loja 9
869,2025-11-15,cartao,aprovado,117.61,MG,Loja 9
870,2025-02-17,pix,recusado,79.5,SP,Loja 8
871,2025-03-02,cartao,aprovado,19.57,RJ,Loja 10
872,2025-12-03,pix,recusado,45.23,SP,Loja 3
873,2025-01-26,cartao,aprovado,64.66,SP,Loja 1
874,2025-10-19,cartao,aprovado,407.54,RJ,Loja 8
875,2025-09-14,pix,aprovado,140.5,SP,Loja 7
876,2025-01-08,pix,aprovado,30.93,SP,Loja 5
877,2025-04-23,pix,estornado,132.8,PR,Loja 10
878,2025-12-21,cartao,aprovado,26.11,PR,Loja 7
879,2025-09-10,cartao,aprovado,214.04,SP,Loja 10
880,2025-06-29,cartao,aprovado,61.75,SP,Loja 4
881,2025-07-26,pix,aprovado,83.52,SP,Loja 9
882,2025-10-30,pix,recusado,259.99,SP,Loja 10
883,2025-05-07,cartao,aprovado,32.15,PR,Loja 2
884,2025-02-25,pix,aprovado,29.44,SP,Loja 9
885,2025-08-02,boleto,aprovado,56.44,RS,Loja 9
886,2025-01-14,pix,aprovado,206.58,SP,Loja 5
887,2025-01-28,cartao,aprovado,26.7,PR,Loja 1
888,2025-03-19,pix,aprovado,9.34,SP,Loja 7
889,2025-08-04,pix,aprovado,62.74,RS,Loja 10
890,2025-12-31,cartao,aprovado,139.97,SP,Loja 10
891,2025-06-03,cartao,aprovado,235.15,MG,Loja 4
892,2025-01-14,boleto,aprovado,62.15,SP,Loja 9
893,2025-07-06,pix,aprovado,64.77,SP,Loja 6
894,2025-11-08,pix,aprovado,226.59,PR,Loja 3
895,2025-01-07,cartao,aprovado,20.17,PR,Loja 6
896,2025-01-03,cartao,aprovado,65.97,PR,Loja 10
897,2025-04-21,pix,aprovado,104.83,MG,Loja 6
898,2025-08-26,pix,aprovado,128.94,RS,Loja 5
899,2025-12-29,pix,aprovado,59.87,SP,Loja 2
900,2025-08-27,cartao,aprovado,92.53,SP,Loja 10
901,2025-10-01,pix,aprovado,12.3,SP,Loja 10
902,2025-10-21,pix,aprovado,53.17,MG,Loja 2
903,2025-08-15,pix,aprovado,129.39,SP,Loja 7
904,2025-01-15,pix,aprovado,41.02,SP,Loja 2
905,2025-07-11,pix,aprovado,94.37,RJ,Loja 6
906,2025-04-29,cartao,aprovado,128.7,RS,Loja 5
907,2025-01-28,pix,aprovado,68.44,SP,Loja 4
908,2025-07-21,cartao,aprovado,103.17,SP,Loja 7
909,2025-02-08,pix,aprovado,41.67,SP,Loja 8
910,2025-09-30,cartao,aprovado,76.3,SP,Loja 4
911,2025-08-19,cartao,aprovado,146.67,SP,Loja 1
912,2025-03-27,cartao,aprovado,102.06,MG,Loja 1
913,2025-05-06,cartao,aprovado,56.3,MG,Loja 1
914,2025-10-27,pix,aprovado,107.7,MG,Loja 1
915,2025-01-25,pix,aprovado,159.44,SP,Loja 5
916,2025-05-25,cartao,aprovado,17.46,RS,Loja 4
917,2025-01-13,boleto,aprovado,227.52,SP,Loja 9
918,2025-07-31,cartao,aprovado,68.79,RJ,Loja 3
919,2025-01-25,cartao,aprovado,126.52,RS,Loja 7
920,2025-03-09,cartao,aprovado,234.58,SP,Loja 8
921,2025-03-08,pix,aprovado,30.04,SP,Loja 6
922,2025-08-21,pix,recusado,51.03,PR,Loja 10
923,2025-04-19,cartao,aprovado,71.46,SP,Loja 1
924,2025-05-26,boleto,recusado,48.09,MG,Loja 8
925,2025-04-21,pix,aprovado,360.66,SP,Loja 10
926,2025-08-16,cartao,estornado,45.36,MG,Loja 3
927,2025-04-21,pix,aprovado,57.72,SP,Loja 8
928,2025-02-03,cartao,aprovado,106.01,SP,Loja 4
929,2025-04-21,pix,aprovado,34.41,MG,Loja 8
930,2025-09-21,pix,aprovado,65.59,SP,Loja 1
931,2025-08-24,cartao,aprovado,116.04,SP,Loja 3
932,2025-03-24,pix,aprovado,68.97,SP,Loja 6
933,2025-02-11,cartao,aprovado,83.54,SP,Loja 9
934,2025-04-11,cartao,aprovado,58.94,SP,Loja 2
935,2025-01-06,boleto,aprovado,26.8,SP,Loja 1
936,2025-06-29,pix,aprovado,116.43,PR,Loja 10
937,2025-10-09,pix,estornado,366.48,SP,Loja 3
938,2025-11-16,pix,aprovado,91.35,RJ,Loja 4
939,2025-08-14,boleto,estornado,107.79,SP,Loja 5
940,2025-11-11,boleto,aprovado,156.68,SP,Loja 3
941,2025-12-31,cartao,aprovado,32.61,PR,Loja 10
942,2025-08-17,cartao,aprovado,351.43,SP,Loja 2
943,2025-10-16,cartao,aprovado,105.83,PR,Loja 2
944,2025-05-30,cartao,aprovado,332.12,SP,Loja 7
945,2025-10-04,pix,aprovado,50.08,MG,Loja 9
946,2025-07-17,cartao,aprovado,385.46,RJ,Loja 10
947,2025-03-11,pix,estornado,167.36,PR,Loja 2
948,2025-04-22,cartao,aprovado,140.11,RJ,Loja 7
949,2025-01-04,cartao,aprovado,108.55,RJ,Loja 7
950,2025-12-16,cartao,aprovado,73.79,SP,Loja 7
951,2025-11-27,pix,aprovado,235.2,SP,Loja 3
952,2025-11-14,pix,aprovado,100.71,PR,Loja 7
953,2025-12-16,pix,aprovado,18.66,SP,Loja 1
954,2025-04-05,pix,aprovado,36.83,SP,Loja 10
955,2025-06-01,pix,aprovado,77.58,RS,Loja 1
956,2025-11-07,boleto,aprovado,115.35,SP,Loja 5
957,2025-05-17,cartao,aprovado,86.03,PR,Loja 2
958,2025-09-04,pix,recusado,238.69,MG,Loja 9
959,2025-08-31,pix,aprovado,18.9,RJ,Loja 7
960,2025-01-31,pix,aprovado,100.97,PR,Loja 4
961,2025-02-09,cartao,aprovado,21.02,SP,Loja 4
962,2025-08-17,cartao,recusado,165.3,SP,Loja 2
963,2025-02-05,boleto,aprovado,83.47,RJ,Loja 5
964,2025-08-11,pix,aprovado,125.93,SP,Loja 4
965,2025-01-06,boleto,aprovado,45.1,MG,Loja 1
966,2025-11-18,cartao,aprovado,250.53,PR,Loja 8
967,2025-08-08,pix,aprovado,207.14,RJ,Loja 3
968,2025-03-16,boleto,aprovado,143.57,SP,Loja 6
969,2025-01-04,pix,aprovado,81.16,PR,Loja 4
970,2025-12-01,cartao,aprovado,143.15,RJ,Loja 9
971,2025-05-14,pix,aprovado,51.14,RJ,Loja 7
972,2025-04-28,cartao,aprovado,178.47,SP,Loja 9
973,2025-04-04,cartao,aprovado,336.83,PR,Loja 10
974,2025-03-03,cartao,aprovado,211.98,RJ,Loja 3
975,2025-07-13,cartao,recusado,50.22,RS,Loja 1
976,2025-12-01,pix,aprovado,120.2,RS,Loja 5
977,2025-07-22,pix,aprovado,31.99,SP,Loja 3
978,2025-01-26,pix,aprovado,142.3,RJ,Loja 6
979,2025-06-22,pix,aprovado,129.09,RS,Loja 8
980,2025-10-27,cartao,aprovado,20.17,SP,Loja 4
981,2025-05-13,pix,aprovado,35.54,RS,Loja 5
982,2025-11-22,boleto,aprovado,71.77,PR,Loja 5
983,2025-04-28,cartao,aprovado,70.76,MG,Loja 4
984,2025-11-20,cartao,aprovado,34.21,MG,Loja 4
985,2025-10-02,pix,aprovado,122.88,RS,Loja 4
986,2025-07-31,cartao,aprovado,110.08,RS,Loja 4
987,2025-08-13,boleto,aprovado,77.06,SP,Loja 4
988,2025-01-20,pix,aprovado,49.17,SP,Loja 5
989,2025-04-23,cartao,aprovado,208.3,RJ,Loja 2
990,2025-05-20,cartao,aprovado,338.43,MG,Loja 2
991,2025-02-16,pix,aprovado,61.14,RJ,Loja 9
992,2025-01-01,cartao,aprovado,55.16,MG,Loja 2
993,2025-03-31,pix,aprovado,133.35,SP,Loja 6
994,2025-05-22,pix,aprovado,67.6,MG,Loja 2
995,2025-11-16,pix,estornado,80.52,SP,Loja 5
996,2025-02-07,pix,aprovado,162.67,MG,Loja 4
997,2025-10-20,pix,aprovado,19.54,RJ,Loja 7
998,2025-05-19,pix,aprovado,258.43,SP,Loja 7
999,2025-12-22,boleto,aprovado,95.41,SP,Loja 6
1000,2025-11-29,cartao,aprovado,64.77,MG,Loja 10
